PLAYER,2026 PRICE,POSITION
Bijan Robinson,$62,RB
Jahmyr Gibbs,$62,RB
Christian McCaffrey,$53,RB
Jonathan Taylor,$47,RB
Josh Allen,$45,QB
CeeDee Lamb,$44,WR
Puka Nacua,$41,WR
Jalen Hurts,$40,QB
Ja'Marr Chase,$39,WR
Derrick Henry,$38,RB
Jaxon Smith-Njigba,$37,WR
Ashton Jeanty,$36,RB
Amon-Ra St. Brown,$35,WR
Justin Jefferson,$34,WR
Saquon Barkley,$34,RB
C.J. Stroud,$32,QB
Lamar Jackson,$32,QB
Josh Jacobs,$31,RB
Chase Brown,$30,RB
Jayden Daniels,$30,QB
Jeremiyah Love,$30,RB
Joe Burrow,$30,QB
Kenneth Walker III,$29,RB
James Cook,$28,RB
Jared Goff,$28,QB
Kyler Murray,$28,QB
Breece Hall,$27,RB
Kyren Williams,$27,RB
Brock Purdy,$26,QB
Caleb Williams,$26,QB
Matthew Stafford,$26,QB
Dak Prescott,$25,QB
Travis Etienne Jr.,$25,RB
Trey McBride,$25,TE
J.J. McCarthy,$24,QB
Patrick Mahomes II,$24,QB
De'Von Achane,$23,RB
Justin Herbert,$23,QB
Bucky Irving,$22,RB
D'Andre Swift,$22,RB
Omarion Hampton,$22,RB
Drake London,$21,WR
Marvin Harrison Jr.,$21,WR
Nico Collins,$21,WR
A.J. Brown,$19,WR
DJ Moore,$18,WR
Baker Mayfield,$17,QB
Tyler Shough,$17,QB
Trevor Lawrence,$16,QB
Zay Flowers,$16,WR
Garrett Wilson,$15,WR
Malik Nabers,$15,WR
Daniel Jones,$14,QB
Jordan Love,$14,QB
Sam Darnold,$14,QB
Bo Nix,$13,QB
David Montgomery,$13,RB
Bryce Young,$12,QB
Cameron Ward,$12,QB
Jadarian Price,$12,RB
Jaylen Warren,$12,RB
Tony Pollard,$12,RB
TreVeyon Henderson,$12,RB
Brock Bowers,$11,TE
DeVonta Smith,$11,WR
Kaleb Johnson,$11,RB
Chuba Hubbard,$10,RB
Davante Adams,$10,WR
Jameson Williams,$10,WR
Kyle Pitts Sr.,$10,TE
Malik Willis,$10,QB
Rashee Rice,$10,WR
Rico Dowdle,$10,RB
Tee Higgins,$10,WR
Xavier Worthy,$10,WR
Blake Corum,$9,RB
Brian Thomas Jr.,$9,WR
J.K. Dobbins,$9,RB
Javonte Williams,$9,RB
Ladd McConkey,$9,WR
Rhamondre Stevenson,$9,RB
RJ Harvey,$9,RB
Rome Odunze,$9,WR
Trey Benson,$9,RB
Aaron Jones Sr.,$8,RB
Drake Maye,$8,QB
Geno Smith,$8,QB
George Pickens,$8,WR
Harold Fannin Jr.,$8,TE
Jacoby Brissett,$8,QB
Jaylen Waddle,$8,WR
Kenny Gainwell,$8,RB
Keon Coleman,$8,WR
Kyle Monangai,$8,RB
Quinshon Judkins,$8,RB
Rachaad White,$8,RB
Terry McLaurin,$8,WR
Aaron Rodgers,$7,QB
Alec Pierce,$7,WR
Cam Skattebo,$7,RB
Chris Olave,$7,WR
Jordan Addison,$7,WR
Sam LaPorta,$7,TE
Tetairoa McMillan,$7,WR
Travis Hunter,$7,WR
Travis Kelce,$7,TE
Dallas Goedert,$6,TE
Dylan Sampson,$6,RB
Jonathon Brooks,$6,RB
Jordan Mason,$6,RB
Matthew Golden,$6,WR
Ricky Pearsall,$6,WR
Tyjae Spears,$6,RB
Xavier Legette,$6,WR
Zach Charbonnet,$6,RB
Alvin Kamara,$5,RB
Bhayshul Tuten,$5,RB
Brandon Aiyuk,$5,WR
Christian Watson,$5,WR
Courtland Sutton,$5,WR
DK Metcalf,$5,WR
Emeka Egbuka,$5,WR
George Kittle,$5,TE
Isiah Pacheco,$5,RB
Jaydon Blue,$5,RB
Jermaine Burton,$5,WR
Josh Downs,$5,WR
Justice Hill,$5,RB
Justin Fields,$5,QB
Michael Penix Jr.,$5,QB
Mike Evans,$5,WR
Ray Davis,$5,RB
Tyrone Tracy Jr.,$5,RB
AJ Dillon,$4,RB
Brian Robinson Jr.,$4,RB
Carnell Tate,$4,WR
Chris Godwin Jr.,$4,WR
Fernando Mendoza,$4,QB
Jakobi Meyers,$4,WR
Jayden Higgins,$4,WR
Jayden Reed,$4,WR
Jordan James,$4,RB
Jordyn Tyson,$4,WR
Luther Burden III,$4,WR
Michael Pittman Jr.,$4,WR
Michael Wilson,$4,WR
Parker Washington,$4,WR
Quentin Johnston,$4,WR
Samaje Perine,$4,RB
Tucker Kraft,$4,TE
Tyler Allgeier,$4,RB
Tyler Warren,$4,TE
Wan'Dale Robinson,$4,WR
Braelon Allen,$3,RB
Calvin Ridley,$3,WR
Chris Rodriguez ,$3,RB
Colston Loveland,$3,TE
Elijah Arroyo,$3,TE
Emari Demercado,$3,RB
Isaac TeSlaa,$3,WR
Jacory Crosky-Merritt,$3,RB
Jalen Milroe,$3,QB
Jaxson Dart,$3,QB
John Metchie III,$3,WR
Kaelon Black,$3,RB
Khalil Shakir,$3,WR
Kyle Williams,$3,WR
Makai Lemon,$3,WR
Mason Taylor,$3,TE
Mike Gesicki,$3,TE
Mike Washington Jr.,$3,RB
Ollie Gordon,$3,RB
Rashid Shaheed,$3,WR
Roman Wilson,$3,WR
Romeo Doubs,$3,WR
Shedeur Sanders,$3,QB
Tua Tagovailoa,$3,QB
Ty Johnson,$3,RB
Woody Marks,$3,RB
Adam Randall,$2,RB
Brenton Strange,$2,TE
Chris Brooks,$2,RB
Dalton Kincaid,$2,TE
Hunter Henry,$2,TE
Isaiah Likely,$2,TE
Jake Ferguson,$2,TE
Jalen Coker,$2,WR
Jerry Jeudy,$2,WR
Juwan Johnson,$2,TE
KC Concepcion,$2,WR
Keaton Mitchell,$2,RB
Kimani Vidal,$2,RB
Malik Davis,$2,RB
Mark Andrews,$2,TE
Rashod Bateman,$2,WR
Tank Bigsby,$2,RB
Theo Wease Jr.,$2,WR
Tre Tucker,$2,WR
Adam Prentice,$1,RB
Adam Trautman,$1,TE
Adonai Mitchell,$1,WR
Adrian Martinez,$1,QB
Aidan O'Connell,$1,QB
AJ Barner,$1,TE
Alec Ingold,$1,RB
Andrei Iosivas,$1,WR
Andrew Beck,$1,RB
Andy Dalton,$1,QB
Anthony Gould,$1,WR
Anthony Richardson Sr.,$1,QB
Antonio Williams,$1,WR
Arian Smith,$1,WR
Ashton Dulin,$1,WR
Audric Estime,$1,RB
Austin Hooper,$1,TE
Bam Knight,$1,RB
Barion Brown,$1,WR
Bauer Sharp,$1,TE
Behren Morton,$1,QB
Ben Sims,$1,TE
Ben Sinnott,$1,TE
Ben Skowronek,$1,WR
Blake Whiteheart,$1,TE
Bo Melton,$1,WR
Brady Cook,$1,QB
Brashard Smith,$1,RB
Braxton Berrios,$1,WR
Brenen Thompson,$1,WR
Brevyn Spann-Ford,$1,TE
Britain Covey,$1,WR
British Brooks,$1,RB
Brock Wright,$1,TE
Bryce Lance,$1,WR
Brycen Tremayne,$1,WR
Bub Means,$1,WR
Cade Klubnik,$1,QB
Cade Otton,$1,TE
Cade Stover,$1,TE
Caleb Douglas,$1,WR
Calvin Austin III,$1,WR
Cam Grandy,$1,TE
Carlos Washington Jr.,$1,RB
Carson Beck,$1,QB
Cedric Tillman,$1,WR
Charlie Jones,$1,WR
Charlie Kolar,$1,TE
Charlie Woerner,$1,TE
Chig Okonkwo,$1,TE
Chimere Dike,$1,WR
Chris Bell,$1,WR
Chris Brazzell II,$1,WR
Chris Collier,$1,RB
Chris Manhertz,$1,TE
Chris Oladokun,$1,QB
Christian Kirk,$1,WR
CJ Dippre,$1,TE
Colbie Young,$1,WR
Colby Parkinson,$1,TE
Cole Kmet,$1,TE
Cole Payton,$1,QB
Connor Heyward,$1,RB
Connor Heyward,$1,TE
Cooper Kupp,$1,WR
Cyrus Allen,$1,WR
Dalton Schultz,$1,TE
Dameon Pierce,$1,RB
Daniel Bellinger,$1,TE
Dareke Young,$1,WR
Darius Cooper,$1,WR
Darius Slayton,$1,WR
Darnell Mooney,$1,WR
Darnell Washington,$1,TE
David Moore,$1,WR
David Njoku,$1,TE
Davis Allen,$1,TE
Davis Mills,$1,QB
Dawson Knox,$1,TE
De'Zhaun Stribling,$1,WR
DeeJay Dallas,$1,RB
Demarcus Robinson,$1,WR
DeMario Douglas,$1,WR
Demond Claiborne,$1,RB
Denzel Boston,$1,WR
Derius Davis,$1,WR
Deshaun Watson,$1,QB
Devaughn Vele,$1,WR
Devin Culp,$1,TE
Devin Duvernay,$1,WR
Devin Neal,$1,RB
Devin Singletary,$1,RB
Devontez Walker,$1,WR
DJ Giddens,$1,RB
Donovan Edwards,$1,RB
Dont'e Thornton Jr.,$1,WR
Dontayvion Wicks,$1,WR
Drew Allar,$1,QB
Drew Lock,$1,QB
Drew Ogletree,$1,TE
Drew Sample,$1,TE
Durham Smythe,$1,TE
Dyami Brown,$1,WR
Dylan Laube,$1,RB
Efton Chism III,$1,WR
Eli Raridon,$1,TE
Eli Stowers,$1,TE
Elic Ayomanor,$1,WR
Elijah Higgins,$1,TE
Elijah Mitchell,$1,RB
Elijah Sarratt,$1,WR
Emanuel Wilson,$1,RB
Emmett Johnson,$1,RB
Eric Saubert,$1,TE
Erick All Jr.,$1,TE
Evan Engram,$1,TE
Foster Moreau,$1,TE
Frank Gore Jr.,$1,RB
Gage Larvadain,$1,WR
Gardner Minshew II,$1,QB
Garrett Nussmeier,$1,QB
George Holani,$1,RB
Germie Bernard,$1,WR
Grant Calcaterra,$1,TE
Greg Dortch,$1,WR
Greg Dulcich,$1,TE
Gunnar Helm,$1,TE
Hayden Rucci,$1,TE
Hollywood Brown,$1,WR
Hunter Long,$1,TE
Hunter Luepke,$1,RB
Ian Thomas,$1,TE
Isaac Guerendo,$1,RB
Isaiah Bond,$1,WR
Isaiah Davis,$1,RB
Isaiah Williams,$1,WR
Israel Abanikanda,$1,RB
Ja'Kobi Lane,$1,WR
Ja'Tavion Sanders,$1,TE
Jack Bech,$1,WR
Jack Endries,$1,TE
Jack Stoll,$1,TE
Jackson Hawes,$1,TE
Jacob Cowing,$1,WR
Jacob Saylors,$1,RB
Jahan Dotson,$1,WR
Jahdae Walker,$1,WR
Jaheim Bell,$1,TE
Jake Browning,$1,QB
Jake Tonges,$1,TE
Jalen Brooks,$1,WR
Jalen McMillan,$1,WR
Jalen Nailor,$1,WR
Jalen Royals,$1,WR
Jalen Tolbert,$1,WR
Jam Miller,$1,RB
Jameis Winston,$1,QB
James Conner,$1,RB
Jaren Kanak,$1,TE
Jarrett Stidham,$1,QB
Jauan Jennings,$1,WR
Jawhar Jordan,$1,RB
Jaylen Wright,$1,RB
Jaylin Lane,$1,WR
Jaylin Noel,$1,WR
Jeremy McNichols,$1,RB
Jeremy Ruckert,$1,TE
Jerome Ford,$1,RB
Jeshaun Jones,$1,WR
Jimmy Horn Jr.,$1,WR
Joe Flacco,$1,QB
Joe Milton III,$1,QB
Joe Royer,$1,TE
John Bates,$1,TE
Johnny Mundt,$1,TE
Jonah Coleman,$1,RB
Jonathan Mingo,$1,WR
Jordan Whittington,$1,WR
Josh Cameron,$1,WR
Josh Cuevas,$1,TE
Josh Johnson,$1,QB
Josh Oliver,$1,TE
Josh Williams,$1,RB
Joshua Palmer,$1,WR
JuJu Smith-Schuster,$1,WR
Justin Joly,$1,TE
Justin Watson,$1,WR
Kaden Wetjen,$1,WR
Kalif Raymond,$1,WR
Kameron Johnson,$1,WR
KaVontae Turpin,$1,WR
Kayshon Boutte,$1,WR
Kaytron Allen,$1,RB
Ke'Shawn Williams,$1,WR
KeAndre Lambert-Smith,$1,WR
Kendre Miller,$1,RB
Kendrick Bourne,$1,WR
Kene Nwangwu,$1,RB
Kenny Pickett,$1,QB
Kenyon Sadiq,$1,TE
Kevin Coleman Jr.,$1,WR
Kirk Cousins,$1,QB
Konata Mumpfield,$1,WR
Kyle Allen,$1,QB
Kyle Juszczyk,$1,RB
LaJohntay Wester,$1,WR
LeQuint Allen Jr.,$1,RB
Lucas Krull,$1,TE
Luke Farrell,$1,TE
Luke McCaffrey,$1,WR
Luke Musgrave,$1,TE
Luke Schoonmaker,$1,TE
Mac Jones,$1,QB
Mack Hollins,$1,WR
Malachi Corley,$1,WR
Malachi Fields,$1,WR
Malik Benson,$1,WR
Malik Washington,$1,WR
Marcus Mariota,$1,QB
Marlin Klein,$1,TE
MarShawn Lloyd,$1,RB
Marvin Mims Jr.,$1,WR
Mason Kinsey,$1,WR
Mason Rudolph,$1,QB
Mason Tipton,$1,WR
Max Bredeson,$1,RB
Max Klare,$1,TE
Michael Bandy,$1,WR
Michael Burton,$1,RB
Michael Mayer,$1,TE
Mitch Tinsley,$1,WR
Mitchell Evans,$1,TE
Mitchell Trubisky,$1,QB
Mo Alie-Cox,$1,TE
Myles Price,$1,WR
Najee Harris,$1,RB
Nate Adkins,$1,TE
Nate Boerkircher,$1,TE
Nicholas Singleton,$1,RB
Nick Mullens,$1,QB
Nick Vannett,$1,TE
Nick Westbrook-Ikhine,$1,WR
Nikko Remigio,$1,WR
Noah Fant,$1,TE
Noah Gray,$1,TE
Odell Beckham Jr.,$1,WR
Olamide Zaccheaus,$1,WR
Omar Cooper Jr.,$1,WR
Oronde Gadsden II,$1,TE
Oscar Delp,$1,TE
Pat Bryant,$1,WR
Pat Freiermuth,$1,TE
Patrick Ricard,$1,RB
Payne Durham,$1,TE
Phil Mafah,$1,RB
Quinn Ewers,$1,QB
Quintin Morris,$1,TE
Rasheen Ali,$1,RB
Reggie Gilliam,$1,RB
Reggie Virgil,$1,WR
Riley Leonard,$1,QB
Riley Nowakowski,$1,TE
Rivaldo Fairweather,$1,TE
Roschon Johnson,$1,RB
Ryan Flournoy,$1,WR
Salvon Ahmed,$1,RB
Sam Roush,$1,TE
Savion Williams,$1,WR
Sean Tucker,$1,RB
Seth McGowan,$1,RB
Shane Buechele,$1,QB
Skyler Bell,$1,WR
Skyy Moore,$1,WR
Spencer Rattler,$1,QB
Stetson Bennett IV,$1,QB
T.J. Hockenson,$1,TE
Tahj Brooks,$1,RB
Tai Felton,$1,WR
Tank Dell,$1,WR
Tanner Conner,$1,TE
Tanner Hudson,$1,TE
Tanner Koziol,$1,TE
Tanner McKee,$1,QB
Teagan Quitoriano,$1,TE
Ted Hurst III,$1,WR
Teddy Bridgewater,$1,QB
Terrance Ferguson,$1,TE
Tez Johnson,$1,WR
Theo Johnson,$1,TE
Thomas Fidone II,$1,TE
Tip Reiman,$1,TE
Tommy DeVito,$1,QB
Tommy Tremble,$1,TE
Tory Horton,$1,WR
Tre' Harris,$1,WR
Trevor Etienne,$1,RB
Trey Lance,$1,QB
Treylon Burks,$1,WR
Troy Franklin,$1,WR
Tutu Atwell,$1,WR
Ty Chandler,$1,RB
Ty Simpson,$1,QB
Tyler Badie,$1,RB
Tyler Conklin,$1,TE
Tyler Higbee,$1,TE
Tyler Huntley,$1,QB
Tyquan Thornton,$1,WR
Tyrell Shavers,$1,WR
Tyrod Taylor,$1,QB
Tyson Bagent,$1,QB
Van Jefferson,$1,WR
Will Howard,$1,QB
Will Kacmarek,$1,TE
Will Levis,$1,QB
Will Mallory,$1,TE
Will Shipley,$1,RB
Xavier Hutchinson,$1,WR
Xavier Smith,$1,WR
Zachariah Branch,$1,WR
Zavier Scott,$1,RB
Zavion Thomas,$1,WR
