"RK",TIERS,"PLAYER NAME",TEAM,"POS","BYE WEEK","UPSIDE ","BUST ","SOS SEASON","ECR VS. ADP"
"1",1,"Ja'Marr Chase",CIN,"WR1","6","5 out of 5","1 out of 5","4 out of 5 stars","+2"
"2",1,"Jahmyr Gibbs",DET,"RB1","6","5 out of 5","1 out of 5","5 out of 5 stars","-1"
"3",1,"Puka Nacua",LAR,"WR2","11","5 out of 5","2 out of 5","1 out of 5 stars","+1"
"4",1,"Bijan Robinson",ATL,"RB2","11","5 out of 5","1 out of 5","2 out of 5 stars","-2"
"5",1,"Jaxon Smith-Njigba",SEA,"WR3","11","5 out of 5","2 out of 5","3 out of 5 stars","+1"
"6",1,"Amon-Ra St. Brown",DET,"WR4","6","5 out of 5","1 out of 5","4 out of 5 stars","+2"
"7",2,"CeeDee Lamb",DAL,"WR5","14","4 out of 5","2 out of 5","2 out of 5 stars","+3"
"8",2,"Christian McCaffrey",SF,"RB3","8","4 out of 5","4 out of 5","2 out of 5 stars","-3"
"9",2,"Justin Jefferson",MIN,"WR6","6","4 out of 5","2 out of 5","5 out of 5 stars","+3"
"10",2,"Jonathan Taylor",IND,"RB4","13","4 out of 5","3 out of 5","4 out of 5 stars","-3"
"11",2,"Drake London",ATL,"WR7","11","4 out of 5","3 out of 5","3 out of 5 stars","+8"
"12",3,"A.J. Brown",NE,"WR8","11","5 out of 5","2 out of 5","2 out of 5 stars","+8"
"13",3,"Nico Collins",HOU,"WR9","8","5 out of 5","2 out of 5","3 out of 5 stars","+12"
"14",3,"James Cook III",BUF,"RB5","7","5 out of 5","2 out of 5","2 out of 5 stars","-5"
"15",3,"Chase Brown",CIN,"RB6","6","5 out of 5","2 out of 5","2 out of 5 stars","-2"
"16",3,"Chris Olave",NO,"WR10","8","4 out of 5","3 out of 5","3 out of 5 stars","+10"
"17",3,"Brock Bowers",LV,"TE1","13","5 out of 5","2 out of 5","3 out of 5 stars","+5"
"18",3,"George Pickens",DAL,"WR11","14","4 out of 5","3 out of 5","2 out of 5 stars","+6"
"19",3,"Trey McBride",ARI,"TE2","14","4 out of 5","2 out of 5","2 out of 5 stars","+4"
"20",3,"De'Von Achane",MIA,"RB7","6","4 out of 5","4 out of 5","3 out of 5 stars","-9"
"21",4,"DeVonta Smith",PHI,"WR12","10","4 out of 5","2 out of 5","4 out of 5 stars","+12"
"22",4,"Saquon Barkley",PHI,"RB8","10","4 out of 5","3 out of 5","4 out of 5 stars","-8"
"23",4,"Malik Nabers",NYG,"WR13","8","4 out of 5","4 out of 5","4 out of 5 stars","+4"
"24",4,"Kenneth Walker III",KC,"RB9","5","5 out of 5","3 out of 5","3 out of 5 stars","-6"
"25",4,"Omarion Hampton",LAC,"RB10","7","5 out of 5","2 out of 5","3 out of 5 stars","-10"
"26",4,"Rashee Rice",KC,"WR14","5","5 out of 5","4 out of 5","2 out of 5 stars","+2"
"",4
"27",4,"Josh Allen",BUF,"QB1","7","5 out of 5","1 out of 5","3 out of 5 stars","-6"
"28",4,"Ashton Jeanty",LV,"RB11","13","4 out of 5","4 out of 5","2 out of 5 stars","-11"
"29",4,"Garrett Wilson",NYJ,"WR15","13","4 out of 5","3 out of 5","4 out of 5 stars","+9"
"30",4,"Zay Flowers",BAL,"WR16","13","4 out of 5","2 out of 5","4 out of 5 stars","+5"
"31",4,"Lamar Jackson",BAL,"QB2","13","4 out of 5","3 out of 5","3 out of 5 stars","+9"
"32",4,"Ladd McConkey",LAC,"WR17","7","4 out of 5","3 out of 5","2 out of 5 stars","+12"
"33",4,"Jaylen Waddle",DEN,"WR18","10","4 out of 5","3 out of 5","2 out of 5 stars","+15"
"34",4,"Colston Loveland",CHI,"TE3","10","5 out of 5","2 out of 5","2 out of 5 stars","+7"
"35",4,"Tetairoa McMillan",CAR,"WR19","5","4 out of 5","3 out of 5","2 out of 5 stars","+4"
"36",5,"Tee Higgins",CIN,"WR20","6","5 out of 5","2 out of 5","4 out of 5 stars","+6"
"37",5,"Drake Maye",NE,"QB3","11","5 out of 5","2 out of 5","2 out of 5 stars","+16"
"38",5,"Derrick Henry",BAL,"RB12","13","4 out of 5","2 out of 5","3 out of 5 stars","-22"
"39",5,"Breece Hall",NYJ,"RB13","13","4 out of 5","4 out of 5","3 out of 5 stars","-7"
"40",5,"Emeka Egbuka",TB,"WR21","10","4 out of 5","3 out of 5","4 out of 5 stars","+3"
"41",5,"Jeremiyah Love",ARI,"RB14","14","5 out of 5","3 out of 5","2 out of 5 stars","-12"
"42",5,"Kyren Williams",LAR,"RB15","11","4 out of 5","2 out of 5","5 out of 5 stars","-12"
"43",5,"Javonte Williams",DAL,"RB16","14","4 out of 5","4 out of 5","4 out of 5 stars","-12"
"44",5,"Joe Burrow",CIN,"QB4","6","4 out of 5","3 out of 5","3 out of 5 stars","+10"
"45",5,"Luther Burden III",CHI,"WR22","10","4 out of 5","4 out of 5","3 out of 5 stars","+11"
"46",5,"Travis Etienne Jr.",NO,"RB17","8","4 out of 5","4 out of 5","3 out of 5 stars","-12"
"47",5,"Terry McLaurin",WAS,"WR23","7","4 out of 5","2 out of 5","2 out of 5 stars","+8"
"48",5,"Davante Adams",LAR,"WR24","11","4 out of 5","4 out of 5","1 out of 5 stars","+1"
"49",5,"DJ Moore",BUF,"WR25","7","4 out of 5","2 out of 5","4 out of 5 stars","+2"
"50",5,"Jayden Daniels",WAS,"QB5","7","4 out of 5","4 out of 5","2 out of 5 stars","+12"
"51",6,"D'Andre Swift",CHI,"RB18","10","3 out of 5","2 out of 5","2 out of 5 stars","-6"
"52",6,"Tyler Warren",IND,"TE4","13","4 out of 5","2 out of 5","3 out of 5 stars","0"
"53",6,"Jameson Williams",DET,"WR26","6","4 out of 5","3 out of 5","4 out of 5 stars","+4"
"54",6,"Christian Watson",GB,"WR27","11","4 out of 5","4 out of 5","5 out of 5 stars","+14"
"55",6,"Jalen Hurts",PHI,"QB6","10","4 out of 5","3 out of 5","5 out of 5 stars","+8"
"56",6,"Mike Evans",SF,"WR28","8","4 out of 5","3 out of 5","2 out of 5 stars","+9"
"57",6,"Bucky Irving",TB,"RB19","10","3 out of 5","4 out of 5","2 out of 5 stars","-10"
"58",6,"Rome Odunze",CHI,"WR29","10","4 out of 5","3 out of 5","3 out of 5 stars","+2"
"59",6,"Cam Skattebo",NYG,"RB20","8","4 out of 5","4 out of 5","4 out of 5 stars","-22"
"60",6,"Quinshon Judkins",CLE,"RB21","11","4 out of 5","4 out of 5","3 out of 5 stars","-14"
"61",6,"David Montgomery",HOU,"RB22","8","4 out of 5","2 out of 5","4 out of 5 stars","-11"
"62",6,"Parker Washington",JAC,"WR30","7","4 out of 5","3 out of 5","4 out of 5 stars","+2"
"63",6,"Bhayshul Tuten",JAC,"RB23","7","4 out of 5","3 out of 5","4 out of 5 stars","-5"
"64",6,"Caleb Williams",CHI,"QB7","10","5 out of 5","2 out of 5","3 out of 5 stars","+13"
"65",6,"Carnell Tate",TEN,"WR31","9","4 out of 5","3 out of 5","3 out of 5 stars","+9"
"66",6,"Marvin Harrison Jr.",ARI,"WR32","14","4 out of 5","4 out of 5","2 out of 5 stars","+6"
"67",6,"TreVeyon Henderson",NE,"RB24","11","4 out of 5","4 out of 5","2 out of 5 stars","-6"
"68",6,"Jadarian Price",SEA,"RB25","11","4 out of 5","4 out of 5","4 out of 5 stars","-9"
"69",6,"Justin Herbert",LAC,"QB8","7","5 out of 5","2 out of 5","2 out of 5 stars","+16"
"70",6,"Harold Fannin Jr.",CLE,"TE5","11","4 out of 5","3 out of 5","3 out of 5 stars","-3"
"71",7,"Chris Godwin Jr.",TB,"WR33","10","4 out of 5","4 out of 5","4 out of 5 stars","+19"
"72",7,"Rhamondre Stevenson",NE,"RB26","11","3 out of 5","3 out of 5","2 out of 5 stars","-6"
"73",7,"Jaylen Warren",PIT,"RB27","9","4 out of 5","4 out of 5","2 out of 5 stars","0"
"74",7,"Dak Prescott",DAL,"QB9","14","4 out of 5","2 out of 5","2 out of 5 stars","+1"
"75",7,"Kyle Pitts Sr.",ATL,"TE6","11","4 out of 5","4 out of 5","3 out of 5 stars","-4"
"76",7,"Trevor Lawrence",JAC,"QB10","7","5 out of 5","2 out of 5","4 out of 5 stars","+11"
"77",7,"DK Metcalf",PIT,"WR34","9","3 out of 5","3 out of 5","3 out of 5 stars","+3"
"78",7,"Michael Pittman Jr.",PIT,"WR35","9","4 out of 5","3 out of 5","3 out of 5 stars","+16"
"79",7,"Brian Thomas Jr.",JAC,"WR36","7","2 out of 5","4 out of 5","4 out of 5 stars","+2"
"80",7,"Tucker Kraft",GB,"TE7","11","4 out of 5","2 out of 5","2 out of 5 stars","-11"
"81",7,"Courtland Sutton",DEN,"WR37","10","2 out of 5","4 out of 5","2 out of 5 stars","-5"
"82",7,"Tony Pollard",TEN,"RB28","9","4 out of 5","3 out of 5","3 out of 5 stars","-4"
"83",7,"Sam LaPorta",DET,"TE8","6","4 out of 5","3 out of 5","3 out of 5 stars","-13"
"84",7,"Wan'Dale Robinson",TEN,"WR38","9","4 out of 5","3 out of 5","3 out of 5 stars","+15"
"85",7,"Josh Downs",IND,"WR39","13","3 out of 5","4 out of 5","4 out of 5 stars","+32"
"86",7,"Rico Dowdle",PIT,"RB29","9","4 out of 5","4 out of 5","2 out of 5 stars","-7"
"87",7,"Jonathon Brooks",CAR,"RB30","5","4 out of 5","4 out of 5","1 out of 5 stars","-5"
"88",7,"Michael Wilson",ARI,"WR40","14","-","-","2 out of 5 stars","-2"
"89",7,"Quentin Johnston",LAC,"WR41","7","4 out of 5","4 out of 5","2 out of 5 stars","+17"
"90",7,"RJ Harvey",DEN,"RB31","10","2 out of 5","4 out of 5","2 out of 5 stars","-7"
"",7
"91",7,"Brock Purdy",SF,"QB11","8","4 out of 5","2 out of 5","1 out of 5 stars","+18"
"92",7,"Jaxson Dart",NYG,"QB12","8","5 out of 5","4 out of 5","4 out of 5 stars","0"
"93",7,"Travis Kelce",KC,"TE9","5","3 out of 5","3 out of 5","4 out of 5 stars","+2"
"94",7,"Bo Nix",DEN,"QB13","10","4 out of 5","2 out of 5","3 out of 5 stars","+16"
"95",8,"George Kittle",SF,"TE10","8","4 out of 5","4 out of 5","3 out of 5 stars","-11"
"96",8,"Kenny Gainwell",TB,"RB32","10","4 out of 5","3 out of 5","2 out of 5 stars","0"
"97",8,"MarShawn Lloyd",GB,"RB33","11","4 out of 5","4 out of 5","4 out of 5 stars","+36"
"98",8,"Alec Pierce",IND,"WR42","13","4 out of 5","4 out of 5","4 out of 5 stars","-7"
"99",8,"Chuba Hubbard",CAR,"RB34","5","2 out of 5","4 out of 5","1 out of 5 stars","-10"
"100",8,"Stefon Diggs",WAS,"WR43","7","4 out of 5","2 out of 5","2 out of 5 stars","+2"
"101",8,"Patrick Mahomes II",KC,"QB14","5","2 out of 5","4 out of 5","2 out of 5 stars","+3"
"102",8,"J.K. Dobbins",DEN,"RB35","10","4 out of 5","4 out of 5","2 out of 5 stars","-14"
"103",8,"Matthew Stafford",LAR,"QB15","11","4 out of 5","2 out of 5","3 out of 5 stars","-10"
"104",8,"Jakobi Meyers",JAC,"WR44","7","2 out of 5","3 out of 5","4 out of 5 stars","+18"
"105",8,"Jayden Reed",GB,"WR45","11","4 out of 5","4 out of 5","5 out of 5 stars","+15"
"106",8,"Jared Goff",DET,"QB16","6","3 out of 5","2 out of 5","5 out of 5 stars","+19"
"107",8,"Jordan Addison",MIN,"WR46","6","4 out of 5","3 out of 5","5 out of 5 stars","0"
"108",8,"Makai Lemon",PHI,"WR47","10","4 out of 5","3 out of 5","4 out of 5 stars","+5"
"109",8,"Blake Corum",LAR,"RB36","11","4 out of 5","4 out of 5","5 out of 5 stars","-11"
"110",8,"Dalton Kincaid",BUF,"TE11","7","3 out of 5","4 out of 5","3 out of 5 stars","+11"
"111",8,"Rachaad White",WAS,"RB37","7","4 out of 5","3 out of 5","4 out of 5 stars","+4"
"112",8,"Kyler Murray",MIN,"QB17","6","4 out of 5","3 out of 5","5 out of 5 stars","+27"
"113",8,"Jacory Croskey-Merritt",WAS,"RB38","7","4 out of 5","4 out of 5","4 out of 5 stars","-5"
"114",8,"Jordan Mason",MIN,"RB39","6","4 out of 5","3 out of 5","4 out of 5 stars","-11"
"115",8,"KC Concepcion",CLE,"WR48","11","4 out of 5","3 out of 5","3 out of 5 stars","+11"
"116",8,"Jake Ferguson",DAL,"TE12","14","2 out of 5","4 out of 5","2 out of 5 stars","-2"
"117",8,"Aaron Jones Sr.",MIN,"RB40","6","1 out of 5","4 out of 5","4 out of 5 stars","+2"
"118",8,"Kyle Monangai",CHI,"RB41","10","4 out of 5","4 out of 5","2 out of 5 stars","-17"
"119",8,"Baker Mayfield",TB,"QB18","10","3 out of 5","4 out of 5","2 out of 5 stars","+18"
"120",8,"Jordan Love",GB,"QB19","11","4 out of 5","3 out of 5","4 out of 5 stars","+28"
"121",8,"Dallas Goedert",PHI,"TE13","10","4 out of 5","3 out of 5","4 out of 5 stars","-10"
"122",8,"Josh Jacobs",GB,"RB42","11","4 out of 5","4 out of 5","4 out of 5 stars","-86"
"123",8,"Isaiah Likely",NYG,"TE14","8","4 out of 5","4 out of 5","3 out of 5 stars","-18"
"124",8,"Khalil Shakir",BUF,"WR49","7","2 out of 5","4 out of 5","4 out of 5 stars","+22"
"125",8,"Jalen Coker",CAR,"WR50","5","4 out of 5","3 out of 5","2 out of 5 stars","+22"
"126",8,"Tyler Shough",NO,"QB20","8","4 out of 5","2 out of 5","3 out of 5 stars","+26"
"127",8,"Romeo Doubs",NE,"WR51","11","4 out of 5","3 out of 5","2 out of 5 stars","+2"
"128",8,"Matthew Golden",GB,"WR52","11","4 out of 5","4 out of 5","5 out of 5 stars","-4"
"129",8,"Malik Willis",MIA,"QB21","6","4 out of 5","4 out of 5","3 out of 5 stars","+37"
"130",9,"Xavier Worthy",KC,"WR53","5","4 out of 5","4 out of 5","2 out of 5 stars","-2"
"131",9,"Juwan Johnson",NO,"TE15","8","4 out of 5","2 out of 5","2 out of 5 stars","+19"
"132",9,"Mark Andrews",BAL,"TE16","13","4 out of 5","4 out of 5","4 out of 5 stars","-5"
"133",9,"Jordyn Tyson",NO,"WR54","8","3 out of 5","5 out of 5","3 out of 5 stars","+9"
"134",9,"Woody Marks",HOU,"RB43","8","3 out of 5","4 out of 5","4 out of 5 stars","0"
"135",9,"De'Zhaun Stribling",SF,"WR55","8","4 out of 5","4 out of 5","2 out of 5 stars","-23"
"136",9,"Tyler Allgeier",ARI,"RB44","14","3 out of 5","4 out of 5","2 out of 5 stars","+7"
"137",9,"Tyjae Spears",TEN,"RB45","9","3 out of 5","4 out of 5","3 out of 5 stars","+7"
"138",9,"Sam Darnold",SEA,"QB22","11","2 out of 5","4 out of 5","4 out of 5 stars","+45"
"139",9,"Chris Rodriguez Jr.",JAC,"RB46","7","3 out of 5","4 out of 5","4 out of 5 stars","-3"
"140",9,"C.J. Stroud",HOU,"QB23","8","3 out of 5","4 out of 5","4 out of 5 stars","+42"
"141",9,"Deebo Samuel Sr.",SF,"WR56","8","4 out of 5","4 out of 5","2 out of 5 stars","-11"
"142",9,"Daniel Jones",IND,"QB24","13","4 out of 5","4 out of 5","4 out of 5 stars","+35"
"143",9,"Dylan Sampson",CLE,"RB47","11","4 out of 5","2 out of 5","3 out of 5 stars","+31"
"144",9,"Rashid Shaheed",SEA,"WR57","11","3 out of 5","4 out of 5","3 out of 5 stars","+1"
"145",9,"Keaton Mitchell",LAC,"RB48","7","4 out of 5","3 out of 5","3 out of 5 stars","+14"
"146",9,"Zach Charbonnet",SEA,"RB49","11","3 out of 5","4 out of 5","4 out of 5 stars","-5"
"147",9,"Denzel Boston",CLE,"WR58","11","4 out of 5","4 out of 5","3 out of 5 stars","+20"
"148",9,"Jonah Coleman",DEN,"RB50","10","4 out of 5","4 out of 5","2 out of 5 stars","+13"
"149",9,"Cam Ward",TEN,"QB25","9","4 out of 5","4 out of 5","3 out of 5 stars","+64"
"150",9,"Chig Okonkwo",WAS,"TE17","7","4 out of 5","4 out of 5","1 out of 5 stars","+47"
"151",9,"Brenton Strange",JAC,"TE18","7","4 out of 5","3 out of 5","3 out of 5 stars","+4"
"152",9,"Dalton Schultz",HOU,"TE19","8","4 out of 5","2 out of 5","4 out of 5 stars","+26"
"153",9,"Tre Tucker",LV,"WR59","13","4 out of 5","2 out of 5","2 out of 5 stars","+18"
"154",9,"Houston Texans",HOU,"DST1","8","-","-","2 out of 5 stars","-54"
"155",9,"Alvin Kamara",NO,"RB51","8","3 out of 5","4 out of 5","3 out of 5 stars","+2"
"156",9,"Isiah Pacheco",DET,"RB52","6","3 out of 5","4 out of 5","5 out of 5 stars","-2"
"157",9,"Hunter Henry",NE,"TE20","11","2 out of 5","4 out of 5","4 out of 5 stars","-1"
"158",9,"Tyrone Tracy Jr.",NYG,"RB53","8","2 out of 5","5 out of 5","4 out of 5 stars","+33"
"159",9,"Adonai Mitchell",NYJ,"WR60","13","4 out of 5","4 out of 5","4 out of 5 stars","+72"
"160",10,"Mike Washington Jr.",LV,"RB54","13","4 out of 5","4 out of 5","2 out of 5 stars","-22"
"161",10,"Bryce Young",CAR,"QB26","5","2 out of 5","4 out of 5","2 out of 5 stars","+67"
"162",10,"Tank Bigsby",PHI,"RB55","10","4 out of 5","4 out of 5","4 out of 5 stars","+7"
"163",10,"Jerry Jeudy",CLE,"WR61","11","1 out of 5","4 out of 5","3 out of 5 stars","+16"
"164",10,"Braelon Allen",NYJ,"RB56","13","2 out of 5","4 out of 5","3 out of 5 stars","+35"
"165",10,"Denver Broncos",DEN,"DST2","10","-","-","4 out of 5 stars","-49"
"166",10,"Jalen McMillan",TB,"WR62","10","4 out of 5","4 out of 5","4 out of 5 stars","+39"
"167",10,"Jauan Jennings",MIN,"WR63","6","2 out of 5","4 out of 5","5 out of 5 stars","+39"
"168",10,"Los Angeles Rams",LAR,"DST3","11","-","-","2 out of 5 stars","-50"
"169",10,"Seattle Seahawks",SEA,"DST4","11","-","-","2 out of 5 stars","-46"
"170",10,"Kayshon Boutte",HOU,"WR64","8","3 out of 5","4 out of 5","3 out of 5 stars","+33"
"171",10,"Tre' Harris",LAC,"WR65","7","4 out of 5","2 out of 5","2 out of 5 stars","+64"
"172",10,"Brian Robinson Jr.",ATL,"RB57","11","2 out of 5","4 out of 5","2 out of 5 stars","-8"
"173",10,"Dontayvion Wicks",PHI,"WR66","10","4 out of 5","4 out of 5","4 out of 5 stars","+82"
"174",10,"Omar Cooper Jr.",NYJ,"WR67","13","4 out of 5","4 out of 5","4 out of 5 stars","+48"
"175",10,"Philadelphia Eagles",PHI,"DST5","10","-","-","0 out of 5 stars","-35"
"176",10,"Ryan Flournoy",DAL,"WR68","14","4 out of 5","3 out of 5","2 out of 5 stars","+88"
"177",10,"T.J. Hockenson",MIN,"TE21","6","3 out of 5","4 out of 5","4 out of 5 stars","-12"
"178",10,"Brandon Aubrey",DAL,"K1","14","5 out of 5","1 out of 5","2 out of 5 stars","-81"
"179",10,"Pat Bryant",DEN,"WR69","10","3 out of 5","4 out of 5","2 out of 5 stars","+97"
"180",10,"Jacoby Brissett",ARI,"QB27","14","2 out of 5","5 out of 5","2 out of 5 stars","+63"
"181",10,"Pittsburgh Steelers",PIT,"DST6","9","-","-","5 out of 5 stars","-30"
"182",10,"Emmett Johnson",KC,"RB58","5","4 out of 5","4 out of 5","3 out of 5 stars","+18"
"183",10,"New England Patriots",NE,"DST7","11","-","-","3 out of 5 stars","-30"
"184",10,"Ray Davis",BUF,"RB59","7","4 out of 5","4 out of 5","2 out of 5 stars","+39"
"185",10,"Minnesota Vikings",MIN,"DST8","6","-","-","1 out of 5 stars","-25"
"186",10,"Malik Washington",MIA,"WR70","6","3 out of 5","4 out of 5","3 out of 5 stars","+34"
"187",10,"Jalen Nailor",LV,"WR71","13","-","-","2 out of 5 stars","+17"
"188",10,"Travis Hunter",JAC,"WR72","7","3 out of 5","4 out of 5","4 out of 5 stars","+28"
"189",10,"Jacksonville Jaguars",JAC,"DST9","7","-","-","3 out of 5 stars","-16"
"190",10,"Cameron Dicker",LAC,"K2","7","5 out of 5","1 out of 5","2 out of 5 stars","-59"
"191",10,"Ka'imi Fairbairn",HOU,"K3","8","5 out of 5","1 out of 5","2 out of 5 stars","-59"
"192",10,"Kimani Vidal",LAC,"RB60","7","1 out of 5","4 out of 5","3 out of 5 stars","+47"
"193",10,"Los Angeles Chargers",LAC,"DST10","7","-","-","3 out of 5 stars","-18"
"194",10,"Keenan Allen",IND,"WR73","13","3 out of 5","3 out of 5","4 out of 5 stars","-32"
"195",10,"Calvin Ridley",TEN,"WR74","9","2 out of 5","4 out of 5","3 out of 5 stars","-2"
"196",10,"Terrance Ferguson",LAR,"TE22","11","4 out of 5","4 out of 5","4 out of 5 stars","+5"
"197",10,"Baltimore Ravens",BAL,"DST11","13","-","-","5 out of 5 stars","-39"
"198",10,"Cam Little",JAC,"K4","7","-","-","4 out of 5 stars","-49"
"199",10,"AJ Barner",SEA,"TE23","11","4 out of 5","2 out of 5","3 out of 5 stars","+9"
"200",10,"Jason Myers",SEA,"K5","11","4 out of 5","1 out of 5","4 out of 5 stars","-65"
"201",10,"Jaylin Noel",HOU,"WR75","8","4 out of 5","3 out of 5","3 out of 5 stars","+71"
"202",11,"Oronde Gadsden II",LAC,"TE24","7","3 out of 5","4 out of 5","4 out of 5 stars","+16"
"203",11,"Sean Tucker",TB,"RB61","10","3 out of 5","4 out of 5","2 out of 5 stars","+42"
"204",11,"Tyler Loop",BAL,"K6","13","-","-","3 out of 5 stars","-20"
"205",11,"Kansas City Chiefs",KC,"DST12","5","-","-","3 out of 5 stars","+4"
"206",11,"Eddy Pineiro",SF,"K7","8","4 out of 5","1 out of 5","5 out of 5 stars","-21"
"207",11,"Gunnar Helm",TEN,"TE25","9","3 out of 5","4 out of 5","3 out of 5 stars","+66"
"208",11,"Nicholas Singleton",TEN,"RB62","9","3 out of 5","4 out of 5","3 out of 5 stars","+30"
"209",11,"Aaron Rodgers",PIT,"QB28","9","2 out of 5","4 out of 5","2 out of 5 stars","+27"
"210",11,"Green Bay Packers",GB,"DST13","11","-","-","2 out of 5 stars","-24"
"211",11,"James Conner",ARI,"RB63","14","3 out of 5","4 out of 5","2 out of 5 stars","+4"
"212",11,"Kenyon Sadiq",NYJ,"TE26","13","4 out of 5","4 out of 5","4 out of 5 stars","-42"
"213",11,"Tank Dell",HOU,"WR76","8","4 out of 5","4 out of 5","3 out of 5 stars","-32"
"214",11,"Geno Smith",NYJ,"QB29","13","2 out of 5","4 out of 5","4 out of 5 stars","+161"
"215",11,"Jake Bates",DET,"K8","6","4 out of 5","2 out of 5","5 out of 5 stars","-52"
"216",11,"Cooper Kupp",SEA,"WR77","11","2 out of 5","4 out of 5","3 out of 5 stars","-27"
"217",11,"Darnell Mooney",NYG,"WR78","8","3 out of 5","4 out of 5","4 out of 5 stars","+77"
"218",11,"Cairo Santos",CHI,"K9","10","3 out of 5","3 out of 5","0 out of 5 stars","-24"
"219",11,"Isaac TeSlaa",DET,"WR79","6","3 out of 5","4 out of 5","4 out of 5 stars","+42"
"220",11,"Evan McPherson",CIN,"K10","6","4 out of 5","2 out of 5","2 out of 5 stars","-33"
"221",11,"Rashod Bateman",BAL,"WR80","13","3 out of 5","4 out of 5","4 out of 5 stars","+54"
"222",11,"Troy Franklin",DEN,"WR81","10","1 out of 5","5 out of 5","2 out of 5 stars","+65"
"223",11,"Detroit Lions",DET,"DST14","6","-","-","5 out of 5 stars","-47"
"224",11,"Chase McLaughlin",TB,"K11","10","4 out of 5","2 out of 5","3 out of 5 stars","-7"
"225",11,"Harrison Mevis",LAR,"K12","11","4 out of 5","2 out of 5","2 out of 5 stars","-57"
"226",11,"Andy Borregales",NE,"K13","11","-","-","1 out of 5 stars","+6"
"227",11,"Pat Freiermuth",PIT,"TE27","9","3 out of 5","3 out of 5","2 out of 5 stars","+15"
"228",11,"Cleveland Browns",CLE,"DST15","11","-","-","5 out of 5 stars","-30"
"229",11,"Buffalo Bills",BUF,"DST16","7","-","-","3 out of 5 stars","-37"
"230",11,"Kaytron Allen",WAS,"RB64","7","2 out of 5","4 out of 5","4 out of 5 stars","+17"
"231",11,"Emanuel Wilson",SEA,"RB65","11","2 out of 5","4 out of 5","4 out of 5 stars","+68"
"232",11,"Ja'Kobi Lane",BAL,"WR82","13","4 out of 5","4 out of 5","4 out of 5 stars","-60"
"233",11,"Jaydon Blue",FA,"RB66","-","4 out of 5","4 out of 5","-","-6"
"234",11,"Germie Bernard",PIT,"WR83","9","2 out of 5","4 out of 5","3 out of 5 stars","+44"
"235",11,"Cade Otton",TB,"TE28","10","2 out of 5","4 out of 5","2 out of 5 stars","+5"
"236",11,"Antonio Williams",WAS,"WR84","7","4 out of 5","2 out of 5","2 out of 5 stars","+33"
"237",11,"Zachariah Branch",ATL,"WR85","11","2 out of 5","4 out of 5","3 out of 5 stars","+22"
"238",11,"Greg Dulcich",MIA,"TE29","6","4 out of 5","4 out of 5","5 out of 5 stars","-24"
"239",11,"Jaylen Wright",MIA,"RB67","6","-","-","3 out of 5 stars","+11"
"240",11,"George Holani",SEA,"RB68","11","3 out of 5","4 out of 5","4 out of 5 stars","+28"
"241",11,"Justice Hill",BAL,"RB69","13","-","-","3 out of 5 stars","-20"
"242",11,"Caleb Douglas",MIA,"WR86","6","3 out of 5","4 out of 5","3 out of 5 stars","-18"
"243",11,"Kaelon Black",SF,"RB70","8","3 out of 5","4 out of 5","2 out of 5 stars","-41"
"244",11,"Chris Bell",MIA,"WR87","6","3 out of 5","4 out of 5","3 out of 5 stars","+2"
"245",11,"Malachi Fields",NYG,"WR88","8","4 out of 5","4 out of 5","4 out of 5 stars","-11"
"246",11,"Keon Coleman",BUF,"WR89","7","2 out of 5","4 out of 5","4 out of 5 stars","+46"
"247",11,"Chris Boswell",PIT,"K14","9","4 out of 5","2 out of 5","4 out of 5 stars","-37"
"248",11,"Jack Bech",LV,"WR90","13","3 out of 5","4 out of 5","2 out of 5 stars","+45"
"249",11,"Harrison Butker",KC,"K15","5","-","-","5 out of 5 stars","-69"
"250",11,"Evan Engram",DEN,"TE30","10","-","-","4 out of 5 stars","+105"
"251",11,"David Njoku",LAC,"TE31","7","4 out of 5","4 out of 5","4 out of 5 stars","-40"
"252",12,"Devaughn Vele",NO,"WR91","8","2 out of 5","4 out of 5","3 out of 5 stars","+1"
"253",12,"Fernando Mendoza",LV,"QB30","13","4 out of 5","3 out of 5","1 out of 5 stars","-28"
"254",12,"Ted Hurst III",TB,"WR92","10","4 out of 5","4 out of 5","4 out of 5 stars","+34"
"255",12,"Najee Harris",NYG,"RB71","8","2 out of 5","4 out of 5","4 out of 5 stars","-18"
"256",12,"Chimere Dike",TEN,"WR93","9","1 out of 5","5 out of 5","3 out of 5 stars","+6"
"257",12,"Demond Claiborne",MIN,"RB72","6","3 out of 5","4 out of 5","4 out of 5 stars","+52"
"258",12,"Isaiah Davis",NYJ,"RB73","13","2 out of 5","4 out of 5","3 out of 5 stars","+361"
"259",12,"Ollie Gordon II",MIA,"RB74","6","3 out of 5","4 out of 5","3 out of 5 stars","+141"
"260",12,"Samaje Perine",CIN,"RB75","6","2 out of 5","5 out of 5","2 out of 5 stars","+17"
"261",12,"Ty Johnson",BUF,"RB76","7","-","-","2 out of 5 stars","+222"
"262",12,"Elic Ayomanor",TEN,"WR94","9","1 out of 5","5 out of 5","3 out of 5 stars","+52"
"263",12,"Jordan James",SF,"RB77","8","2 out of 5","4 out of 5","2 out of 5 stars","-34"
"264",12,"LeQuint Allen Jr.",JAC,"RB78","7","2 out of 5","4 out of 5","4 out of 5 stars","+150"
"265",12,"Colby Parkinson",LAR,"TE32","11","-","-","4 out of 5 stars","+38"
"266",12,"Cyrus Allen",KC,"WR95","5","4 out of 5","4 out of 5","2 out of 5 stars","-70"
"267",12,"Wil Lutz",DEN,"K16","10","-","-","1 out of 5 stars","-60"
"268",12,"Will Reichard",MIN,"K17","6","-","-","2 out of 5 stars","-80"
"269",12,"Chris Brooks",GB,"RB79","11","2 out of 5","4 out of 5","4 out of 5 stars","+138"
"270",12,"Tory Horton",SEA,"WR96","11","3 out of 5","4 out of 5","3 out of 5 stars","+26"
"271",12,"Tyquan Thornton",KC,"WR97","5","2 out of 5","5 out of 5","2 out of 5 stars","+147"
"272",12,"Tua Tagovailoa",ATL,"QB31","11","2 out of 5","5 out of 5","4 out of 5 stars","+13"
"273",12,"Darius Slayton",NYG,"WR98","8","2 out of 5","4 out of 5","4 out of 5 stars","+200"
"274",12,"Christian Kirk",SF,"WR99","8","2 out of 5","4 out of 5","2 out of 5 stars","-18"
"275",12,"Malik Davis",DAL,"RB80","14","-","-","4 out of 5 stars","+130"
"276",12,"Mason Taylor",NYJ,"TE33","13","1 out of 5","4 out of 5","4 out of 5 stars","+8"
"277",12,"Elijah Sarratt",BAL,"WR100","13","4 out of 5","4 out of 5","4 out of 5 stars","+49"
"278",12,"Xavier Legette",CAR,"WR101","5","2 out of 5","4 out of 5","2 out of 5 stars","+189"
"279",12,"Devin Neal",NO,"RB81","8","2 out of 5","4 out of 5","3 out of 5 stars","+52"
"280",12,"Marvin Mims Jr.",DEN,"WR102","10","3 out of 5","4 out of 5","2 out of 5 stars","+11"
"281",12,"Michael Penix Jr.",ATL,"QB32","11","2 out of 5","5 out of 5","4 out of 5 stars","0"
"282",12,"DJ Giddens",IND,"RB82","13","2 out of 5","4 out of 5","4 out of 5 stars","+148"
"283",12,"Theo Johnson",NYG,"TE34","8","1 out of 5","5 out of 5","3 out of 5 stars","+32"
"284",12,"Atlanta Falcons",ATL,"DST17","11","-","-","4 out of 5 stars","-51"
"285",12,"San Francisco 49ers",SF,"DST18","8","-","-","3 out of 5 stars","-55"
"286",12,"Seth McGowan",IND,"RB83","13","4 out of 5","4 out of 5","4 out of 5 stars","+22"
"287",12,"Deshaun Watson",CLE,"QB33","11","1 out of 5","5 out of 5","4 out of 5 stars","+97"
"288",12,"Kirk Cousins",LV,"QB34","13","2 out of 5","4 out of 5","1 out of 5 stars","+12"
"289",12,"Eli Stowers",PHI,"TE35","10","4 out of 5","4 out of 5","4 out of 5 stars","-31"
"290",12,"Kyle Williams",NE,"WR103","11","3 out of 5","4 out of 5","2 out of 5 stars","-33"
"291",12,"Kendre Miller",NO,"RB84","8","2 out of 5","4 out of 5","3 out of 5 stars","+34"
"292",12,"Kaleb Johnson",GB,"RB85","11","2 out of 5","5 out of 5","4 out of 5 stars","+44"
"293",12,"Shedeur Sanders",CLE,"QB35","11","3 out of 5","4 out of 5","4 out of 5 stars","-44"
"294",12,"New Orleans Saints",NO,"DST19","8","-","-","5 out of 5 stars","-46"
"295",12,"Brashard Smith",KC,"RB86","5","-","-","3 out of 5 stars","+40"
"296",12,"Emari Demercado",KC,"RB87","5","1 out of 5","5 out of 5","3 out of 5 stars","+74"
"297",12,"Adam Randall",BAL,"RB88","13","4 out of 5","4 out of 5","3 out of 5 stars","+349"
"298",12,"Hollywood Brown",PHI,"WR104","10","-","-","4 out of 5 stars","+4"
"299",12,"Mike Gesicki",CIN,"TE36","6","-","-","3 out of 5 stars","+58"
"300",12,"Devin Singletary",NYG,"RB89","8","1 out of 5","5 out of 5","4 out of 5 stars","-21"
"301",12,"Mack Hollins",NE,"WR105","11","-","-","2 out of 5 stars","+336"
"302",13,"Isaiah Bond",CLE,"WR106","11","-","-","3 out of 5 stars","+268"
"303",13,"Indianapolis Colts",IND,"DST20","13","-","-","5 out of 5 stars","-32"
"304",13,"Trey Benson",ARI,"RB90","14","1 out of 5","5 out of 5","2 out of 5 stars","+12"
"305",13,"Skyler Bell",BUF,"WR107","7","3 out of 5","4 out of 5","4 out of 5 stars","+27"
"306",13,"Brandon Aiyuk",SF,"WR108","8","2 out of 5","5 out of 5","2 out of 5 stars","-36"
"307",13,"Darren Waller",CAR,"TE37","5","-","-","2 out of 5 stars","+96"
"308",13,"Jake Tonges",SF,"TE38","8","-","-","3 out of 5 stars","-10"
"309",13,"Trevor Etienne",CAR,"RB91","5","-","-","1 out of 5 stars","+321"
"310",13,"Jarquez Hunter",MIA,"RB92","6","-","-","3 out of 5 stars","+84"
"311",13,"Andrei Iosivas",CIN,"WR109","6","-","-","4 out of 5 stars","+99"
"312",13,"Chicago Bears",CHI,"DST21","10","-","-","2 out of 5 stars","-117"
"313",13,"Isaac Guerendo",SF,"RB93","8","-","-","2 out of 5 stars","+244"
"314",13,"Jaleel McLaughlin",DEN,"RB94","10","-","-","2 out of 5 stars","+311"
"315",13,"Charlie Smyth",NO,"K18","8","-","-","5 out of 5 stars","+68"
"316",13,"DeMario Douglas",NE,"WR110","11","-","-","2 out of 5 stars","+273"
"317",13,"Jerome Ford",WAS,"RB95","7","2 out of 5","4 out of 5","4 out of 5 stars","+283"
"318",13,"Audric Estime",NO,"RB96","8","-","-","3 out of 5 stars","+12"
"319",13,"Darnell Washington",PIT,"TE39","9","-","-","2 out of 5 stars","-30"
"320",13,"Tyreek Hill",FA,"WR111","-","1 out of 5","5 out of 5","-","-76"
"321",13,"Michael Mayer",LV,"TE40","13","-","-","3 out of 5 stars","+156"
"322",13,"Jahan Dotson",ATL,"WR112","11","-","-","3 out of 5 stars","+218"
"323",13,"Tahj Brooks",CIN,"RB97","6","-","-","2 out of 5 stars","+158"
"324",13,"Will Shipley",PHI,"RB98","10","-","-","4 out of 5 stars","+204"
"325",13,"Oscar Delp",NO,"TE41","8","4 out of 5","4 out of 5","2 out of 5 stars","+236"
"326",13,"Charlie Kolar",LAC,"TE42","7","-","-","4 out of 5 stars","+72"
"327",13,"Elijah Arroyo",SEA,"TE43","11","-","-","3 out of 5 stars","+14"
"328",13,"Jalen Tolbert",MIA,"WR113","6","-","-","3 out of 5 stars","+188"
"329",13,"Bryce Lance",NO,"WR114","8","4 out of 5","4 out of 5","3 out of 5 stars","+51"
"330",13,"Xavier Hutchinson",HOU,"WR115","8","-","-","3 out of 5 stars","+314"
"331",13,"Dallas Cowboys",DAL,"DST22","14","-","-","1 out of 5 stars","-141"
"332",13,"Carson Beck",ARI,"QB36","14","2 out of 5","4 out of 5","2 out of 5 stars","+90"
"333",13,"Cole Kmet",CHI,"TE44","10","-","-","2 out of 5 stars","-43"
"334",13,"Erick All Jr.",CIN,"TE45","6","-","-","3 out of 5 stars","-"
"335",13,"Konata Mumpfield",LAR,"WR116","11","-","-","1 out of 5 stars","+14"
"336",13,"Eli Raridon",NE,"TE46","11","4 out of 5","4 out of 5","4 out of 5 stars","+12"
"337",13,"J.J. McCarthy",MIN,"QB37","6","-","-","5 out of 5 stars","-86"
"338",13,"Tyler Higbee",LAR,"TE47","11","-","-","4 out of 5 stars","-5"
"339",13,"Tez Johnson",TB,"WR117","10","-","-","4 out of 5 stars","+187"
"340",13,"Kareem Hunt",FA,"RB99","-","-","-","-","+76"
"341",13,"Jalen Royals",KC,"WR118","5","-","-","2 out of 5 stars","+95"
"342",13,"Olamide Zaccheaus",ATL,"WR119","11","-","-","3 out of 5 stars","+279"
"343",13,"Joe Mixon",FA,"RB100","-","-","-","-","-80"
"344",13,"Luke McCaffrey",WAS,"WR120","7","-","-","2 out of 5 stars","-23"
"345",13,"Kendrick Bourne",ARI,"WR121","14","-","-","2 out of 5 stars","+296"
"346",13,"Cedric Tillman",FA,"WR122","-","-","-","-","-"
"347",13,"Dawson Knox",BUF,"TE48","7","-","-","3 out of 5 stars","-28"
"348",13,"Bam Knight",ARI,"RB101","14","-","-","2 out of 5 stars","-"
"349",13,"Max Klare",LAR,"TE49","11","3 out of 5","4 out of 5","4 out of 5 stars","+2"
"350",13,"Chris Brazzell II",CAR,"WR123","5","3 out of 5","4 out of 5","2 out of 5 stars","+304"
"351",14,"Brenen Thompson",LAC,"WR124","7","3 out of 5","4 out of 5","2 out of 5 stars","+239"
"352",14,"Joshua Palmer",BUF,"WR125","7","-","-","4 out of 5 stars","-12"
"353",14,"Mac Jones",SF,"QB38","8","-","-","1 out of 5 stars","-10"
"354",14,"Noah Gray",KC,"TE50","5","-","-","4 out of 5 stars","+9"
"355",14,"Ja'Tavion Sanders",CAR,"TE51","5","-","-","2 out of 5 stars","-8"
"356",14,"Treylon Burks",WAS,"WR126","7","-","-","2 out of 5 stars","+291"
"357",14,"Eli Heidenreich",PIT,"RB102","9","2 out of 5","4 out of 5","2 out of 5 stars","+316"
"358",14,"Jake Elliott",PHI,"K19","10","-","-","5 out of 5 stars","-117"
"359",14,"Tyler Bass",BUF,"K20","7","-","-","2 out of 5 stars","-133"
"360",14,"Justin Fields",KC,"QB39","5","-","-","2 out of 5 stars","-36"
"361",14,"Michael Carter",TEN,"RB103","9","-","-","3 out of 5 stars","+175"
"362",14,"Carolina Panthers",CAR,"DST23","5","-","-","3 out of 5 stars","-110"
"363",14,"Malik Benson",LV,"WR127","13","3 out of 5","2 out of 5","2 out of 5 stars","+170"
"364",14,"Roman Wilson",PIT,"WR128","9","-","-","3 out of 5 stars","+105"
"365",14,"Ty Simpson",LAR,"QB40","11","3 out of 5","4 out of 5","3 out of 5 stars","-105"
"366",14,"Jawhar Jordan",HOU,"RB104","8","-","-","4 out of 5 stars","+268"
"367",14,"New York Giants",NYG,"DST24","8","-","-","1 out of 5 stars","-148"
"368",14,"Trey Smack",GB,"K21","11","-","-","4 out of 5 stars","-156"
"369",14,"Justin Joly",FA,"TE52","-","3 out of 5","4 out of 5","-","+50"
"370",14,"Cincinnati Bengals",CIN,"DST25","6","-","-","4 out of 5 stars","-116"
"371",14,"Tampa Bay Buccaneers",TB,"DST26","10","-","-","4 out of 5 stars","-89"
"372",14,"Savion Williams",GB,"WR129","11","-","-","5 out of 5 stars","+256"
"373",14,"Kalif Raymond",CHI,"WR130","10","-","-","3 out of 5 stars","+88"
"374",14,"KaVontae Turpin",DAL,"WR131","14","-","-","2 out of 5 stars","-21"
"375",14,"Raheim Sanders",CLE,"RB105","11","-","-","3 out of 5 stars","+235"
"376",14,"Kevin Coleman Jr.",MIA,"WR132","6","-","-","3 out of 5 stars","+204"
"377",14,"Anthony Richardson Sr.",IND,"QB41","13","-","-","4 out of 5 stars","+102"
"378",14,"Zane Gonzalez",FA,"K22","-","-","-","-","+201"
"379",14,"Dont'e Thornton Jr.",LV,"WR133","13","-","-","2 out of 5 stars","+196"
"380",14,"Zavion Thomas",CHI,"WR134","10","2 out of 5","4 out of 5","3 out of 5 stars","-43"
"381",14,"J'Mari Taylor",JAC,"RB106","7","2 out of 5","4 out of 5","4 out of 5 stars","-"
"382",14,"Tennessee Titans",TEN,"DST27","9","-","-","2 out of 5 stars","-115"
"383",14,"Roschon Johnson",CHI,"RB107","10","-","-","2 out of 5 stars","+277"
"384",14,"Noah Fant",NO,"TE53","8","-","-","2 out of 5 stars","+40"
"385",14,"Colbie Young",CIN,"WR135","6","2 out of 5","4 out of 5","4 out of 5 stars","-56"
"386",14,"John Metchie III",CAR,"WR136","5","-","-","2 out of 5 stars","+230"
"387",14,"Joe Flacco",CIN,"QB42","6","-","-","3 out of 5 stars","-70"
"388",14,"Tutu Atwell",LAR,"WR137","11","-","-","1 out of 5 stars","+224"
"389",14,"Jaylin Lane",WAS,"WR138","7","-","-","2 out of 5 stars","+218"
"390",14,"Kyle Juszczyk",SF,"RB108","8","-","-","2 out of 5 stars","-4"
"391",14,"CJ Daniels",LAR,"WR139","11","2 out of 5","4 out of 5","1 out of 5 stars","-30"
"392",14,"Jameis Winston",NYG,"QB43","8","-","-","4 out of 5 stars","-87"
"393",14,"Luke Musgrave",GB,"TE54","11","-","-","2 out of 5 stars","-6"
"394",14,"Demarcus Robinson",SF,"WR140","8","-","-","2 out of 5 stars","+45"
"395",14,"Nick Westbrook-Ikhine",IND,"WR141","13","-","-","4 out of 5 stars","+244"
"396",14,"Marcus Mariota",WAS,"QB44","7","-","-","2 out of 5 stars","+105"
"397",14,"Phil Mafah",FA,"RB109","-","-","-","-","-"
"398",14,"Washington Commanders",WAS,"DST28","7","-","-","2 out of 5 stars","-124"
"399",14,"Blake Grupe",IND,"K23","13","-","-","4 out of 5 stars","-93"
"400",14,"Ashton Dulin",IND,"WR142","13","-","-","4 out of 5 stars","+185"
"401",14,"Nick Folk",ATL,"K24","11","-","-","0 out of 5 stars","-135"
"402",14,"Devontez Walker",BAL,"WR143","13","-","-","4 out of 5 stars","-92"
"403",14,"Tommy Tremble",CAR,"TE55","5","-","-","2 out of 5 stars","-31"
"404",14,"Las Vegas Raiders",LV,"DST29","13","-","-","4 out of 5 stars","-139"
"405",14,"Ryan Fitzgerald",CAR,"K25","5","-","-","0 out of 5 stars","-82"
"406",14,"Daniel Carlson",NO,"K26","8","-","-","5 out of 5 stars","-"
"407",14,"Sione Vaki",DET,"RB110","6","-","-","5 out of 5 stars","+256"
"408",14,"Joey Slye",TEN,"K27","9","-","-","4 out of 5 stars","-97"
"409",14,"Chad Ryland",ARI,"K28","14","-","-","2 out of 5 stars","-102"
"410",14,"Rasheen Ali",BAL,"RB111","13","-","-","3 out of 5 stars","-"
"411",14,"Barion Brown",NO,"WR144","8","2 out of 5","4 out of 5","3 out of 5 stars","-67"
"412",14,"Brandon McManus",FA,"K29","-","-","-","-","-21"
"413",14,"Jam Miller",FA,"RB112","-","2 out of 5","4 out of 5","-","+140"
"414",14,"John Bates",WAS,"TE56","7","-","-","1 out of 5 stars","+167"
"415",14,"Ben Sinnott",WAS,"TE57","7","-","-","1 out of 5 stars","+176"
"416",14,"Joe Milton III",DAL,"QB45","14","-","-","2 out of 5 stars","-28"
"417",15,"Ben Sauls",NYG,"K30","8","-","-","2 out of 5 stars","-116"
"418",15,"Jordan Whittington",LAR,"WR145","11","-","-","1 out of 5 stars","-64"
"419",15,"Mitchell Evans",CAR,"TE58","5","-","-","2 out of 5 stars","-"
"420",15,"Tyler Goodson",ATL,"RB113","11","-","-","2 out of 5 stars","-"
"421",15,"Daniel Bellinger",TEN,"TE59","9","-","-","3 out of 5 stars","+181"
"422",15,"Cade Klubnik",NYJ,"QB46","13","3 out of 5","4 out of 5","4 out of 5 stars","-20"
"423",15,"Elijah Higgins",ARI,"TE60","14","-","-","2 out of 5 stars","-55"
"424",15,"Austin Hooper",ATL,"TE61","11","-","-","3 out of 5 stars","+140"
"425",15,"Isaiah Williams",NYJ,"WR146","13","-","-","4 out of 5 stars","-"
"426",15,"Tommy Myers",FA,"TE62","-","-","-","-","-"
"427",15,"Spencer Shrader",IND,"K31","13","-","-","4 out of 5 stars","-114"
"428",15,"Terrell Jennings",FA,"RB114","-","-","-","-","-"
"429",15,"Miami Dolphins",MIA,"DST30","6","-","-","3 out of 5 stars","-146"
"430",15,"Dameon Pierce",FA,"RB115","-","-","-","-","-"
"431",15,"Odell Beckham Jr.",NYG,"WR147","8","-","-","4 out of 5 stars","-89"
"432",15,"Dyami Brown",WAS,"WR148","7","-","-","2 out of 5 stars","+144"
"433",15,"Greg Dortch",DET,"WR149","6","-","-","4 out of 5 stars","+32"
"434",15,"Hunter Luepke",DAL,"RB116","14","-","-","4 out of 5 stars","+160"
"435",15,"New York Jets",NYJ,"DST31","13","-","-","4 out of 5 stars","-46"
"436",15,"Austin Ekeler",FA,"RB117","-","-","-","-","+98"
"437",15,"Deion Burks",IND,"WR150","13","2 out of 5","4 out of 5","4 out of 5 stars","-"
"438",15,"Zavier Scott",MIN,"RB118","6","-","-","4 out of 5 stars","-"
"439",15,"Drew Stevens",WAS,"K32","7","-","-","5 out of 5 stars","-135"
"440",15,"Van Jefferson",WAS,"WR151","7","-","-","2 out of 5 stars","+70"
"441",15,"Damien Martinez",GB,"RB119","11","-","-","4 out of 5 stars","-"
"442",15,"Jake Moody",FA,"K33","-","-","-","-","-115"
"443",15,"Zach Ertz",FA,"TE63","-","-","-","-","+98"
"444",15,"Jason Sanders",NYJ,"K34","13","-","-","2 out of 5 stars","-149"
"445",15,"Jacob Saylors",DET,"RB120","6","-","-","5 out of 5 stars","-"
"446",15,"Jonnu Smith",GB,"TE64","11","-","-","2 out of 5 stars","-45"
"447",15,"Marlin Klein",HOU,"TE65","8","3 out of 5","4 out of 5","4 out of 5 stars","-10"
"448",15,"Matt Hibner",BAL,"TE66","13","4 out of 5","4 out of 5","4 out of 5 stars","-"
"449",15,"Isaiah Williams",FA,"WR152","-","-","-","-","-"
"450",15,"Alec Ingold",LAC,"RB121","7","-","-","3 out of 5 stars","-"
"451",15,"Reggie Gilliam",NE,"RB122","11","-","-","2 out of 5 stars","+173"
"452",15,"Jeremy McNichols",WAS,"RB123","7","-","-","4 out of 5 stars","-"
"453",15,"Elijah Moore",PHI,"WR153","10","-","-","4 out of 5 stars","+199"
"454",15,"Tai Felton",MIN,"WR154","6","-","-","5 out of 5 stars","+31"
"455",15,"Josh Williams",TB,"RB124","10","-","-","2 out of 5 stars","-121"
"456",15,"Arizona Cardinals",ARI,"DST32","14","-","-","2 out of 5 stars","-159"
"457",15,"Jahdae Walker",CHI,"WR155","10","-","-","3 out of 5 stars","-42"
"458",15,"Riley Leonard",IND,"QB47","13","-","-","4 out of 5 stars","+56"
"459",15,"Khalil Herbert",SF,"RB125","8","-","-","2 out of 5 stars","+196"
"460",15,"Patrick Ricard",NYG,"RB126","8","-","-","4 out of 5 stars","+34"
"461",15,"Tyler Badie",DEN,"RB127","10","-","-","2 out of 5 stars","-"
"462",15,"Will Kacmarek",MIA,"TE67","6","1 out of 5","4 out of 5","5 out of 5 stars","-67"
"463",15,"Dylan Laube",LV,"RB128","13","-","-","2 out of 5 stars","-"
"464",15,"Ronnie Rivers",LAR,"RB129","11","-","-","5 out of 5 stars","+195"
"465",15,"Roman Hemby",LV,"RB130","13","1 out of 5","4 out of 5","2 out of 5 stars","-"
"466",15,"Gardner Minshew II",ARI,"QB48","14","-","-","2 out of 5 stars","+39"
"467",15,"DeAndre Hopkins",BAL,"WR156","13","-","-","4 out of 5 stars","+68"
"468",15,"Josh Oliver",MIN,"TE68","6","-","-","4 out of 5 stars","-110"
"469",15,"Max Bredeson",MIN,"RB131","6","1 out of 5","5 out of 5","4 out of 5 stars","+90"
"470",15,"Dohnte Meyers",CIN,"WR157","6","-","-","4 out of 5 stars","-"
"471",15,"Tanner Koziol",JAC,"TE69","7","3 out of 5","4 out of 5","3 out of 5 stars","+79"
"472",15,"Tyler Lockett",LV,"WR158","13","-","-","2 out of 5 stars","-"
"473",15,"Jordan Watkins",SF,"WR159","8","-","-","2 out of 5 stars","-"
"474",15,"Adam Prentice",DEN,"RB132","10","-","-","2 out of 5 stars","-"
"475",15,"Lew Nichols III",PIT,"RB133","9","-","-","2 out of 5 stars","-"
"476",15,"Jacob Cowing",SF,"WR160","8","-","-","2 out of 5 stars","-"
"477",15,"Xavier Smith",LAR,"WR161","11","-","-","1 out of 5 stars","+68"
"478",15,"Antonio Gibson",FA,"RB134","-","-","-","-","+206"
"479",15,"Robert Henry Jr.",FA,"RB135","-","1 out of 5","4 out of 5","-","-"
"480",15,"British Brooks",HOU,"RB136","8","-","-","4 out of 5 stars","-"
"481",15,"Cade Stover",HOU,"TE70","8","-","-","4 out of 5 stars","-15"
"482",15,"Jimmy Horn Jr.",CAR,"WR162","5","-","-","2 out of 5 stars","-74"
"483",15,"Tim Patrick",NYJ,"WR163","13","-","-","4 out of 5 stars","+160"
"484",15,"Tyrod Taylor",GB,"QB49","11","-","-","4 out of 5 stars","-139"
"485",15,"Nathan Carter",ATL,"RB137","11","-","-","2 out of 5 stars","-"
"486",15,"Marquez Valdes-Scantling",FA,"WR164","-","-","-","-","+17"
"487",15,"Jackson Hawes",BUF,"TE71","7","-","-","3 out of 5 stars","-13"
"488",16,"Moliki Matavao",NO,"TE72","8","-","-","2 out of 5 stars","-"
"489",16,"Chris Blair",ATL,"WR165","11","-","-","3 out of 5 stars","-"
"490",16,"Jake Browning",FA,"QB50","-","-","-","-","+1"
"491",16,"Michael Woods II",DEN,"WR166","10","-","-","2 out of 5 stars","-"
"492",16,"Sam Roush",CHI,"TE73","10","2 out of 5","4 out of 5","2 out of 5 stars","-6"
"493",16,"Xavier Restrepo",TEN,"WR167","9","-","-","3 out of 5 stars","-"
"494",16,"Quinn Ewers",JAC,"QB51","7","-","-","4 out of 5 stars","-128"
"495",16,"Mitch Tinsley",FA,"WR168","-","-","-","-","+116"
"496",16,"Drew Sample",CIN,"TE74","6","-","-","3 out of 5 stars","-33"
"497",16,"Adam Trautman",DEN,"TE75","10","-","-","4 out of 5 stars","-93"
"498",16,"Jalen Reagor",MIA,"WR169","6","-","-","3 out of 5 stars","-"
"499",16,"Dominic Zvada",NYG,"K35","8","-","-","2 out of 5 stars","-139"
"500",16,"Kene Nwangwu",NYJ,"RB138","13","-","-","3 out of 5 stars","-"
"501",16,"Reggie Virgil",ARI,"WR170","14","2 out of 5","4 out of 5","2 out of 5 stars","+122"
"502",16,"Frank Gore Jr.",BUF,"RB139","7","-","-","2 out of 5 stars","+163"
"503",16,"Noah Whittington",HOU,"RB140","8","1 out of 5","5 out of 5","4 out of 5 stars","-"
"504",16,"Cash Jones",ATL,"RB141","11","2 out of 5","1 out of 5","2 out of 5 stars","-"
"505",16,"Durham Smythe",BAL,"TE76","13","-","-","4 out of 5 stars","+20"
"506",16,"Michael Burton",CLE,"RB142","11","-","-","3 out of 5 stars","+99"
"507",16,"Tyson Bagent",CHI,"QB52","10","-","-","3 out of 5 stars","+65"
"508",16,"Luke Schoonmaker",DAL,"TE77","14","-","-","2 out of 5 stars","-141"
"509",16,"Nate Boerkircher",JAC,"TE78","7","2 out of 5","4 out of 5","3 out of 5 stars","+79"
"510",16,"Jeremy Ruckert",NYJ,"TE79","13","-","-","4 out of 5 stars","+82"
"511",16,"KeAndre Lambert-Smith",LAC,"WR171","7","-","-","2 out of 5 stars","-35"
"512",16,"Tyler Conklin",DET,"TE80","6","-","-","3 out of 5 stars","+103"
"513",16,"Tanner Hudson",CIN,"TE81","6","-","-","3 out of 5 stars","+73"
"514",16,"Jaret Patterson",LAC,"RB143","7","-","-","3 out of 5 stars","-"
"515",16,"Davis Mills",HOU,"QB53","8","-","-","4 out of 5 stars","-"
"516",16,"Jaydn Ott",KC,"RB144","5","2 out of 5","4 out of 5","3 out of 5 stars","-"
"517",16,"Trey Lance",LAC,"QB54","7","-","-","2 out of 5 stars","-132"
"518",16,"Velus Jones Jr.",SEA,"WR172","11","-","-","3 out of 5 stars","-"
"519",16,"Lil'Jordan Humphrey",DEN,"WR173","10","-","-","2 out of 5 stars","-191"